,count,mean,std,min,25%,50%,75%,max
math_grades,6.0,73.66666666666667,23.474809193402756,34.0,65.5,78.0,89.0,98.0
biology_grades,6.0,78.66666666666667,10.30857248442609,65.0,70.0,83.0,87.0,87.0
physics_grades,6.0,68.33333333333333,18.811344095164138,34.0,67.0,71.5,76.0,90.0
total_grade,6.0,220.66666666666666,37.670501279736996,164.0,196.5,232.5,252.0,252.0
average_grades,6.0,73.55555555555556,12.556833759912333,54.666666666666664,65.5,77.5,84.0,84.0
